<?xml version="1.0" encoding="UTF-8"?>
<metadata xml:lang="es"><Esri><CreaDate>20250218</CreaDate><CreaTime>22114700</CreaTime><ArcGISFormat>1.0</ArcGISFormat><SyncOnce>TRUE</SyncOnce><DataProperties><itemProps><itemLocation><linkage Sync="TRUE">file://\\YESSICAYARA\C$\Users\chess\OneDrive\Desktop\AGH\RunOff\NewAttempt\base_clip</linkage><protocol Sync="TRUE">Local Area Network</protocol></itemLocation></itemProps><copyHistory><copy source="C:\Users\chess\OneDrive\Desktop\AGH\RunOff\DataCatalog\StudyArea\base_clip" dest="\\YESSICAYARA\C$\Users\chess\OneDrive\Desktop\AGH\RunOff\NewAttempt\base_clip" date="20250216" time="21125000"></copy></copyHistory><lineage><Process ToolSource="c:\program files\arcgis\pro\Resources\ArcToolbox\toolboxes\Data Management Tools.tbx\Copy" Date="20250216" Time="211250">Copy C:\Users\chess\OneDrive\Desktop\AGH\RunOff\DataCatalog\StudyArea\base_clip.shp C:\Users\chess\OneDrive\Desktop\AGH\RunOff\NewAttempt\base_clip.shp Shapefile #</Process><Process ToolSource="c:\program files\arcgis\pro\Resources\ArcToolbox\toolboxes\Data Management Tools.tbx\Project" Date="20250218" Time="221147">Project base_clip C:\Users\chess\OneDrive\Desktop\AGH\RunOff\NewAttempt\Auxiliar_data\base_clip_wgs84.shp GEOGCS["GCS_WGS_1984",DATUM["D_WGS_1984",SPHEROID["WGS_1984",6378137.0,298.257223563]],PRIMEM["Greenwich",0.0],UNIT["Degree",0.0174532925199433]] ETRF2000-PL_to_WGS_1984_1 PROJCS["ETRF2000-PL_CS92",GEOGCS["ETRF2000-PL",DATUM["ETRF2000_Poland",SPHEROID["GRS_1980",6378137.0,298.257222101]],PRIMEM["Greenwich",0.0],UNIT["Degree",0.0174532925199433]],PROJECTION["Transverse_Mercator"],PARAMETER["False_Easting",500000.0],PARAMETER["False_Northing",-5300000.0],PARAMETER["Central_Meridian",19.0],PARAMETER["Scale_Factor",0.9993],PARAMETER["Latitude_Of_Origin",0.0],UNIT["Meter",1.0]] NO_PRESERVE_SHAPE # NO_VERTICAL</Process></lineage></DataProperties></Esri></metadata>
